"Scientific name","Plant ID","Bulb Lot ID","Seed Lot ID","Wishlist ID","Image URL","Image type","Author","License","Source URL","Primary","Notes"
"Capsicum annuum","SBC-PLANT-0001","","","","https://commons.wikimedia.org/wiki/Special:FilePath/Capsicum_annuum_-_Köhler–s_Medizinal-Pflanzen-027.jpg","Botanical plate","Franz Eugen Köhler","Public domain","https://commons.wikimedia.org/wiki/File:Capsicum_annuum_-_K%C3%B6hler%E2%80%93s_Medizinal-Pflanzen-027.jpg","Yes","Plate from Köhler's Medizinal-Pflanzen (1887)"
"Euphorbia milii","SBC-PLANT-0002","","","","https://commons.wikimedia.org/wiki/Special:FilePath/Euphorbia_milii_var._splendens_Bot._Mag._56._t._2902._1829.jpg","Botanical plate","Hooker","Public domain","https://commons.wikimedia.org/wiki/File:Euphorbia_milii_var._splendens_Bot._Mag._56._t._2902._1829.jpg","Yes","1829 plate from Curtis's Botanical Magazine (as Euphorbia splendens)"
"Rhizophora mangle","SBC-PLANT-0003","","","","https://commons.wikimedia.org/wiki/Special:FilePath/FMIB_53698_Mangrove_(Rhizophora_mangle).jpeg","Illustration","Carl Chun","Public domain","https://commons.wikimedia.org/wiki/File:FMIB_53698_Mangrove_(Rhizophora_mangle).jpeg","Yes","From the Freshwater and Marine Image Bank (FMIB)"
"Gloriosa superba 'Rothschildiana'","","SBC-BULB-0001","","","https://commons.wikimedia.org/wiki/Special:FilePath/The_Botanical_register_(Plate_77)_BHL8505.jpg","Botanical plate","Sydenham Edwards","Public domain","https://commons.wikimedia.org/wiki/File:The_Botanical_register_(Plate_77)_BHL8505.jpg","Yes","Parent-species plate (Gloriosa superba); no cultivar-specific illustration found for 'Rothschildiana'"
"Crocus sativus","","SBC-BULB-0002","","","https://commons.wikimedia.org/wiki/Special:FilePath/Crocus_sativus_-_Köhler–s_Medizinal-Pflanzen-194.jpg","Botanical plate","Franz Eugen Köhler","Public domain","https://commons.wikimedia.org/wiki/File:Crocus_sativus_-_K%C3%B6hler%E2%80%93s_Medizinal-Pflanzen-194.jpg","Yes","Plate from Köhler's Medizinal-Pflanzen (1887)"
"Anemone coronaria 'Mr Fokker'","","SBC-BULB-0004","","","https://commons.wikimedia.org/wiki/Special:FilePath/Curtis's_botanical_magazine_(No._841)_(8469910763).jpg","Botanical plate","William Curtis","Public domain","https://commons.wikimedia.org/wiki/File:Curtis%27s_botanical_magazine_(No._841)_(8469910763).jpg","Yes","Parent-species plate (Anemone coronaria); no cultivar-specific illustration found for 'Mr Fokker'"
"Fritillaria imperialis 'Rubra Maxima'","","SBC-BULB-0005","","","https://commons.wikimedia.org/wiki/Special:FilePath/The_Botanical_magazine,_or,_Flower-garden_displayed_(Plate_194)_(8559505675).jpg","Botanical plate","William Curtis","Public domain","https://commons.wikimedia.org/wiki/File:The_Botanical_magazine,_or,_Flower-garden_displayed_(Plate_194)_(8559505675).jpg","Yes","Parent-species plate (Fritillaria imperialis, 1793); no cultivar-specific illustration found for 'Rubra Maxima'"
"Tulipa fosteriana 'White Emperor'","","SBC-BULB-0006","","","https://commons.wikimedia.org/wiki/Special:FilePath/Tulipa_fosteriana_'Purissima'_2015_01.jpg","Photograph","Retired electrician (Commons username)","CC0 1.0","https://commons.wikimedia.org/wiki/File:Tulipa_fosteriana_%27Purissima%27_2015_01.jpg","Yes","Purissima' is the trade synonym for 'White Emperor'; no historical illustration found"
"Tulipa 'Banja Luka'","","SBC-BULB-0007","","","https://commons.wikimedia.org/wiki/Special:FilePath/Tulipa_'Banja_Luka'_kz02.jpg","Photograph","Krzysztof Ziarnek, Kenraiz","CC BY-SA 4.0","https://commons.wikimedia.org/wiki/File:Tulipa_%27Banja_Luka%27_kz02.jpg","Yes","Modern cultivar; no historical illustration exists"
"Tulipa fosteriana 'Orange Emperor'","","SBC-BULB-0008","","","https://commons.wikimedia.org/wiki/Special:FilePath/Tulipa_Orange_Emperor_flower_exterior.jpg","Photograph","Willow Coville (Mockingbard)","CC BY-SA 4.0","https://commons.wikimedia.org/wiki/File:Tulipa_Orange_Emperor_flower_exterior.jpg","Yes","Modern cultivar; no historical illustration exists"
"Tulipa 'Golden Parade'","","SBC-BULB-0009","","","https://commons.wikimedia.org/wiki/Special:FilePath/Tulipa_Golden_Parade_pic1.jpg","Photograph","Alfvanbeem","CC0 1.0","https://commons.wikimedia.org/wiki/File:Tulipa_Golden_Parade_pic1.jpg","Yes","Modern cultivar; no historical illustration exists"
"Allium 'Globemaster'","","SBC-BULB-0011","","","https://commons.wikimedia.org/wiki/Special:FilePath/Allium_'Globemaster'_Flowers.JPG","Photograph","Derek Ramsey (Ram-Man)","GFDL 1.2","https://commons.wikimedia.org/wiki/File:Allium_%27Globemaster%27_Flowers.JPG","Yes","Modern cultivar; no historical illustration exists"
"Swietenia mahagoni","","","","","https://commons.wikimedia.org/wiki/Special:FilePath/Swietenia_mahagoni_Ypey9.jpg","Botanical plate","Adolphus Ypey","Public domain","https://commons.wikimedia.org/wiki/File:Swietenia_mahagoni_Ypey9.jpg","Yes","1813 botanical plate"
"Styphnolobium japonicum","","","","","https://commons.wikimedia.org/wiki/Special:FilePath/T3_21_Sophora_japonica_par_Pierre-Joseph_Redouté.jpeg","Botanical plate","Pierre-Joseph Redouté","Public domain","https://commons.wikimedia.org/wiki/File:T3_21_Sophora_japonica_par_Pierre-Joseph_Redout%C3%A9.jpeg","Yes","Plate by Redouté (as Sophora japonica)"
"Caesalpinia pulcherrima","","","","","https://commons.wikimedia.org/wiki/Special:FilePath/The_American_Flora._Vol._2,_1855_-_pl._13_Caesalpinia_pulcherrima_(8079577870).jpg","Botanical plate","Unknown","Public domain / CC BY 2.0","https://commons.wikimedia.org/wiki/File:The_American_Flora._Vol._2,_1855_-_pl._13_Caesalpinia_pulcherrima_(8079577870).jpg","Yes","Plate from The American Flora vol. 2 (1855)"
"Calliandra haematocephala","","","","","https://commons.wikimedia.org/wiki/Special:FilePath/Curtis's_botanical_magazine_(Tab._5181)_(9441856125).jpg","Botanical plate","William Curtis","Public domain / CC BY 2.0","https://commons.wikimedia.org/wiki/File:Curtis%27s_botanical_magazine_(Tab._5181)_(9441856125).jpg","Yes","1860 plate from Curtis's Botanical Magazine"
"Thespesia populnea","","","","","https://commons.wikimedia.org/wiki/Special:FilePath/Hortus_Indicus_Malabaricus_(Fig._29)_BHL463647.jpg","Engraving","Henricum van Rheede, van Draakenstein","Public domain","https://commons.wikimedia.org/wiki/File:Hortus_Indicus_Malabaricus_(Fig._29)_BHL463647.jpg","Yes","17th-century engraving from Hortus Indicus Malabaricus"
"Gossypium hirsutum","","","","","https://commons.wikimedia.org/wiki/Special:FilePath/Gossypium_hirsutum_variété_Allen_-_btv1b10103146p.jpg","Botanical plate","Unknown","Public domain","https://commons.wikimedia.org/wiki/File:Gossypium_hirsutum_vari%C3%A9t%C3%A9_Allen_-_btv1b10103146p.jpg","Yes","Historical botanical plate of upland cotton variety"
"Delonix regia","","","","","https://commons.wikimedia.org/wiki/Special:FilePath/Curtis.poinciana.jpg","Engraving","Wenceslas Bojer","Public domain","https://commons.wikimedia.org/wiki/File:Curtis.poinciana.jpg","Yes","1829 hand-coloured engraving from Curtis's Botanical Magazine (plate 3884)"
"Tamarindus indica","","","","","https://commons.wikimedia.org/wiki/Special:FilePath/Tamarindus_indica_-_Köhler–s_Medizinal-Pflanzen-134.jpg","Botanical plate","Franz Eugen Köhler","Public domain","https://commons.wikimedia.org/wiki/File:Tamarindus_indica_-_K%C3%B6hler%E2%80%93s_Medizinal-Pflanzen-134.jpg","Yes","Plate from Köhler's Medizinal-Pflanzen (1897)"
"Moringa oleifera","","","","","https://commons.wikimedia.org/wiki/Special:FilePath/Mouringou_6-11_Rheede_1686.jpg","Engraving","Rheede tot Drakenstein","Public domain","https://commons.wikimedia.org/wiki/File:Mouringou_6-11_Rheede_1686.jpg","Yes","1686 engraving from Hortus Malabaricus volume 6"
"Spathodea campanulata","","","","","https://commons.wikimedia.org/wiki/Special:FilePath/Spathodea_campanulata_Paxton_104.jpg","Botanical plate","L. A. L. Constans","Public domain","https://commons.wikimedia.org/wiki/File:Spathodea_campanulata_Paxton_104.jpg","Yes","1853 plate from Paxton's Flower Garden"
"Passiflora ligularis","","","","","https://commons.wikimedia.org/wiki/Special:FilePath/Curtis's_botanical_magazine_(8294308072).jpg","Botanical plate","William Curtis","Public domain / CC BY 2.0","https://commons.wikimedia.org/wiki/File:Curtis%27s_botanical_magazine_(8294308072).jpg","Yes","1830 plate from Curtis's Botanical Magazine (plate 2967)"
"Tabebuia rosea","","","","","https://commons.wikimedia.org/wiki/Special:FilePath/Tabebuia_rosea_flowers_and_foliage.jpg","Photograph","Mark Marathon","CC BY-SA 4.0","https://commons.wikimedia.org/wiki/File:Tabebuia_rosea_flowers_and_foliage.jpg","Yes","No historical illustration found; modern photograph used"
"Albizia lebbeck","","","","","https://commons.wikimedia.org/wiki/Special:FilePath/Albizia_lebbek_Blanco2.316.jpg","Botanical plate","Francisco Manuel Blanco","Public domain","https://commons.wikimedia.org/wiki/File:Albizia_lebbek_Blanco2.316.jpg","Yes","Plate from Flora de Filipinas (1880-1883)"
"Ceiba pentandra","","","","","https://commons.wikimedia.org/wiki/Special:FilePath/Curtis's_botanical_magazine_(Plate_3360)_(8202193845).jpg","Botanical plate","William Curtis","Public domain / CC BY 2.0","https://commons.wikimedia.org/wiki/File:Curtis%27s_botanical_magazine_(Plate_3360)_(8202193845).jpg","Yes","1834 plate from Curtis's Botanical Magazine (vol. 61)"
"Coriandrum sativum","","","","","https://commons.wikimedia.org/wiki/Special:FilePath/Coriandrum_sativum_-_Köhler–s_Medizinal-Pflanzen-193.jpg","Botanical plate","Franz Eugen Köhler","Public domain","https://commons.wikimedia.org/wiki/File:Coriandrum_sativum_-_K%C3%B6hler%E2%80%93s_Medizinal-Pflanzen-193.jpg","Yes","Plate from Köhler's Medizinal-Pflanzen (1897)"
"Jatropha multifida","","","","","https://commons.wikimedia.org/wiki/Special:FilePath/The_paradisus_londinensis_(8318677360).jpg","Botanical plate","William Hooker","Public domain / CC BY 2.0","https://commons.wikimedia.org/wiki/File:The_paradisus_londinensis_(8318677360).jpg","Yes","Plate from Paradisus Londinensis (1805-1807)"
"Samanea saman","","","","","https://commons.wikimedia.org/wiki/Special:FilePath/'Monkeypod_Trees'_by_Huc-Mazelet_Luquiens,_1940,_drypoint.jpg","Illustration","Huc-Mazelet Luquiens","Public domain (US)","https://commons.wikimedia.org/wiki/File:%27Monkeypod_Trees%27_by_Huc-Mazelet_Luquiens,_1940,_drypoint.jpg","Yes","1940 drypoint print (as Albizia saman)"
"Melissa officinalis","","","","","https://commons.wikimedia.org/wiki/Special:FilePath/Melissa_Köhler.jpg","Botanical plate","Franz Eugen Köhler","Public domain","https://commons.wikimedia.org/wiki/File:Melissa_K%C3%B6hler.jpg","Yes","Plate from Köhler's Medizinal-Pflanzen (19th century)"
"Vachellia tortuosa","","","","","https://commons.wikimedia.org/wiki/Special:FilePath/Vachellia_tortuosa_kz01.jpg","Photograph","Krzysztof Ziarnek, Kenraiz","CC BY-SA 4.0","https://commons.wikimedia.org/wiki/File:Vachellia_tortuosa_kz01.jpg","Yes","No historical illustration found; modern photograph used"
"Spondias purpurea","","","","","https://commons.wikimedia.org/wiki/Special:FilePath/Spondia_purpurea_Merian.jpg","Botanical plate","Maria Sibylla Merian","Public domain","https://commons.wikimedia.org/wiki/File:Spondia_purpurea_Merian.jpg","Yes","1705 hand-coloured copper engraving from Metamorphosis insectorum Surinamensium"
"Senna polyphylla","","","","","https://commons.wikimedia.org/wiki/Special:FilePath/Addisonia_(PLATE_002)_(8575328324).jpg","Botanical plate","New York Botanical Garden","Public domain / CC BY 2.0","https://commons.wikimedia.org/wiki/File:Addisonia_(PLATE_002)_(8575328324).jpg","Yes","1916 plate from Addisonia"
"Phyllanthus acidus","","","","","https://commons.wikimedia.org/wiki/Special:FilePath/Fragmenta_botanica,_figuris_coloratis_illustrata_(T._15)_BHL287644.jpg","Botanical plate","Nikolaus Joseph Jacquin","Public domain","https://commons.wikimedia.org/wiki/File:Fragmenta_botanica,_figuris_coloratis_illustrata_(T._15)_BHL287644.jpg","Yes","Plate from Fragmenta Botanica (shared plate with two other species)"
"Solanum lycopersicum 'Costoluto Fiorentino'","","","","","https://commons.wikimedia.org/wiki/Special:FilePath/Hortus_Eystettensis,_1640_(BHL_45339_341)_-_Classis_Autumnalis_1.jpg","Engraving","Basilius Besler","Public domain","https://commons.wikimedia.org/wiki/File:Hortus_Eystettensis,_1640_(BHL_45339_341)_-_Classis_Autumnalis_1.jpg","Yes","1640 engraving of tomato from Hortus Eystettensis; parent-species plate, not cultivar-specific"
"Cucumis anguria","","","","","https://commons.wikimedia.org/wiki/Special:FilePath/Flore_médicale_des_Antilles,_ou,_Traité_des_plantes_usuelles_(Pl._327)_(7795693270).jpg","Botanical plate","J. Th. Descourtilz","Public domain / CC BY 2.0","https://commons.wikimedia.org/wiki/File:Flore_m%C3%A9dicale_des_Antilles,_ou,_Trait%C3%A9_des_plantes_usuelles_(Pl._327)_(7795693270).jpg","Yes","1827 plate from Flore médicale des Antilles"
"Agastache foeniculum","","","","","https://commons.wikimedia.org/wiki/Special:FilePath/Agastache_foeniculum_drawing.png","Illustration","USDA-NRCS PLANTS Database (Britton & Brown 1913)","Public domain","https://commons.wikimedia.org/wiki/File:Agastache_foeniculum_drawing.png","Yes","From Illustrated Flora of the Northern States and Canada (1913)"
"Carica papaya 'Solo No. 8'","","","","","https://commons.wikimedia.org/wiki/Special:FilePath/Carica_papaya_-_Köhler–s_Medizinal-Pflanzen-028.jpg","Botanical plate","Franz Eugen Köhler","Public domain","https://commons.wikimedia.org/wiki/File:Carica_papaya_-_K%C3%B6hler%E2%80%93s_Medizinal-Pflanzen-028.jpg","Yes","Parent-species plate (Carica papaya, 1897); not cultivar-specific"
"Conocarpus erectus","","","","","https://commons.wikimedia.org/wiki/Special:FilePath/Flore_médicale_des_Antilles,_ou,_Traité_des_plantes_usuelles_(10420946926).jpg","Botanical plate","J. Th. Descourtilz","Public domain / CC BY 2.0","https://commons.wikimedia.org/wiki/File:Flore_m%C3%A9dicale_des_Antilles,_ou,_Trait%C3%A9_des_plantes_usuelles_(10420946926).jpg","Yes","1828 plate from Flore médicale des Antilles (vol. 6, plate 399)"
"Majidea zanguebarica","","","","","https://commons.wikimedia.org/wiki/Special:FilePath/Starr-091020-8391-Majidea_zanquebarica-flowers_and_leaves-Kula-Maui_(24960191106).jpg","Photograph","Forest and Kim Starr","CC BY 3.0 US","https://commons.wikimedia.org/wiki/File:Starr-091020-8391-Majidea_zanquebarica-flowers_and_leaves-Kula-Maui_(24960191106).jpg","Yes","No historical illustration found; modern photograph used"
"Cedrus atlantica","","","","SBC-SEED-0036","https://commons.wikimedia.org/wiki/Special:FilePath/Cedrus_atlantica_in_Jbel_Lekraa.jpg","Photograph","Mustapha Bassouh","CC BY-SA 4.0","https://commons.wikimedia.org/wiki/File:Cedrus_atlantica_in_Jbel_Lekraa.jpg","Yes","No historical illustration found; modern photograph used"
"Lophophora williamsii","","","","","https://commons.wikimedia.org/wiki/Special:FilePath/Curtis's_Botanical_Magazine,_Plate_4296_(Volume_73,_1847).png","Botanical plate","William Jackson Hooker","Public domain","https://commons.wikimedia.org/wiki/File:Curtis%27s_Botanical_Magazine,_Plate_4296_(Volume_73,_1847).png","Yes","1847 plate from Curtis's Botanical Magazine"
"Echinopsis pachanoi","","","","","https://commons.wikimedia.org/wiki/Special:FilePath/Echinopsis_pachanoi_Flower.jpg","Photograph","Aleccuadrall","CC BY 4.0","https://commons.wikimedia.org/wiki/File:Echinopsis_pachanoi_Flower.jpg","Yes","No historical illustration found; modern photograph used"
"Cannabis sativa 'Bubble Kush'","","","","","https://commons.wikimedia.org/wiki/Special:FilePath/Cannabis_sativa_(Köhler).jpg","Botanical plate","Hermann Adolph Köhler","Public domain","https://commons.wikimedia.org/wiki/File:Cannabis_sativa_(K%C3%B6hler).jpg","Yes","Parent-species plate (Cannabis sativa, 1887); no cultivar-specific illustration exists"
"Cannabis sativa 'Amnesia Haze'","","","","","https://commons.wikimedia.org/wiki/Special:FilePath/Cannabis_sativa_(Köhler).jpg","Botanical plate","Hermann Adolph Köhler","Public domain","https://commons.wikimedia.org/wiki/File:Cannabis_sativa_(K%C3%B6hler).jpg","Yes","Parent-species plate (Cannabis sativa, 1887); no cultivar-specific illustration exists"
"Cannabis sativa L.","","","","","https://commons.wikimedia.org/wiki/Special:FilePath/Cannabis_sativa_(Köhler).jpg","Botanical plate","Hermann Adolph Köhler","Public domain","https://commons.wikimedia.org/wiki/File:Cannabis_sativa_(K%C3%B6hler).jpg","Yes","Plate from Köhler's Medizinal-Pflanzen (1887)"
"Acanthus mollis","","","","","https://commons.wikimedia.org/wiki/Special:FilePath/Hans_Simon_Holtzbecker_-_Acanthus_mollis_-_Google_Art_Project.jpg","Illustration","Hans Simon Holtzbecker","Public domain","https://commons.wikimedia.org/wiki/File:Hans_Simon_Holtzbecker_-_Acanthus_mollis_-_Google_Art_Project.jpg","Yes","Gouache on parchment, 1649-1659, from the Gottorfer Codex"
"Aesculus californica","","","","","https://commons.wikimedia.org/wiki/Special:FilePath/Aesculus_californicus_Bot._Mag._84._5077._1858.jpg","Botanical plate","William Jackson Hooker","Public domain","https://commons.wikimedia.org/wiki/File:Aesculus_californicus_Bot._Mag._84._5077._1858.jpg","Yes","1858 plate from Curtis's Botanical Magazine"
"Atropa belladonna","","","","","https://commons.wikimedia.org/wiki/Special:FilePath/Atropa_belladonna_-_Köhler–s_Medizinal-Pflanzen-018.jpg","Botanical plate","Franz Eugen Köhler","Public domain","https://commons.wikimedia.org/wiki/File:Atropa_belladonna_-_K%C3%B6hler%E2%80%93s_Medizinal-Pflanzen-018.jpg","Yes","Plate from Köhler's Medizinal-Pflanzen"
"Betula pendula","","","","","https://commons.wikimedia.org/wiki/Special:FilePath/Betula_pendula_Sturm04034.jpg","Botanical plate","Jacob Sturm","Public domain","https://commons.wikimedia.org/wiki/File:Betula_pendula_Sturm04034.jpg","Yes","1796 plate from Deutschlands Flora in Abbildungen (as Betula verrucosa)"
"Briza media","","","","","https://commons.wikimedia.org/wiki/Special:FilePath/Briza_media_(Flora_Danica,_G.C._Oeder_et_al._1871,_fasicle_48,_t._2825)_clean.jpg","Botanical plate","G. C. Oeder","Public domain","https://commons.wikimedia.org/wiki/File:Briza_media_(Flora_Danica,_G.C._Oeder_et_al._1871,_fasicle_48,_t._2825)_clean.jpg","Yes","1871 plate from Flora Danica"
"Brunnera macrophylla","","","","","https://commons.wikimedia.org/wiki/Special:FilePath/Brunnera_macrophylla_(52872471794).jpg","Photograph","Anya Chernik","CC BY 2.0","https://commons.wikimedia.org/wiki/File:Brunnera_macrophylla_(52872471794).jpg","Yes","No historical illustration found; modern photograph used"
"Castanea sativa","","","","","https://commons.wikimedia.org/wiki/Special:FilePath/Castanea_sativa_-_Köhler–s_Medizinal-Pflanzen-173.jpg","Botanical plate","Franz Eugen Köhler","Public domain","https://commons.wikimedia.org/wiki/File:Castanea_sativa_-_K%C3%B6hler%E2%80%93s_Medizinal-Pflanzen-173.jpg","Yes","Plate from Köhler's Medizinal-Pflanzen (1897)"
"Cordyline australis","","","","","https://commons.wikimedia.org/wiki/Special:FilePath/Plants_of_New_Zealand_(1906)_(14784157715).jpg","Illustration","R. M. Laing and E. W. Blackwell","No known copyright restrictions","https://commons.wikimedia.org/wiki/File:Plants_of_New_Zealand_(1906)_(14784157715).jpg","Yes","From Plants of New Zealand (1906)"
"Curcuma longa","","","","","https://commons.wikimedia.org/wiki/Special:FilePath/Curcuma_longa_-_Köhler–s_Medizinal-Pflanzen-199.jpg","Botanical plate","Franz Eugen Köhler","Public domain","https://commons.wikimedia.org/wiki/File:Curcuma_longa_-_K%C3%B6hler%E2%80%93s_Medizinal-Pflanzen-199.jpg","Yes","Plate from Köhler's Medizinal-Pflanzen (1897)"
"Digitalis viridiflora","","","","","https://commons.wikimedia.org/wiki/Special:FilePath/Digitalis_viridiflora_2018-07-09_4947.jpg","Photograph","Salicyna","CC BY-SA 4.0","https://commons.wikimedia.org/wiki/File:Digitalis_viridiflora_2018-07-09_4947.jpg","Yes","No historical illustration found; modern photograph used"
"Ebenus cretica","","","","","https://commons.wikimedia.org/wiki/Special:FilePath/Ebenus_cretica_flower_Taub123a.png","Illustration","Paul Hermann Wilhelm Taubert","Public domain","https://commons.wikimedia.org/wiki/File:Ebenus_cretica_flower_Taub123a.png","Yes","19th-century botanical plate"
"Ecballium elaterium","","","","","https://commons.wikimedia.org/wiki/Special:FilePath/Hortus_Eystettensis,_1640_(BHL_45339_303)_-_Classis_Aestiva_151.jpg","Engraving","Basilius Besler","Public domain","https://commons.wikimedia.org/wiki/File:Hortus_Eystettensis,_1640_(BHL_45339_303)_-_Classis_Aestiva_151.jpg","Yes","1640 engraving from Hortus Eystettensis"
"Euonymus alatus","","","","","https://commons.wikimedia.org/wiki/Special:FilePath/Addisonia_(PLATE_084)_(8592455190).jpg","Botanical plate","Biodiversity Heritage Library","Public domain / CC BY 2.0","https://commons.wikimedia.org/wiki/File:Addisonia_(PLATE_084)_(8592455190).jpg","Yes","1918 plate from Addisonia"
"Fraxinus ornus","","","","","https://commons.wikimedia.org/wiki/Special:FilePath/Fraxinus_ornus_-_Köhler–s_Medizinal-Pflanzen-062.jpg","Botanical plate","Franz Eugen Köhler","Public domain","https://commons.wikimedia.org/wiki/File:Fraxinus_ornus_-_K%C3%B6hler%E2%80%93s_Medizinal-Pflanzen-062.jpg","Yes","Plate from Köhler's Medizinal-Pflanzen (1897)"
"Glaucium flavum","","","","","https://commons.wikimedia.org/wiki/Special:FilePath/Hortus_Eystettensis,_1640_(BHL_45339_308)_-_Classis_Aestiva_156.jpg","Engraving","Basilius Besler","Public domain","https://commons.wikimedia.org/wiki/File:Hortus_Eystettensis,_1640_(BHL_45339_308)_-_Classis_Aestiva_156.jpg","Yes","1640 engraving from Hortus Eystettensis"
"Heliotropium arborescens","","","","","https://commons.wikimedia.org/wiki/Special:FilePath/The_Botanical_Magazine,_Plate_141_(Volume_4,_1791).png","Botanical plate","William Curtis","Public domain","https://commons.wikimedia.org/wiki/File:The_Botanical_Magazine,_Plate_141_(Volume_4,_1791).png","Yes","1791 plate from Curtis's Botanical Magazine"
"Heptacodium miconioides","","","","","https://commons.wikimedia.org/wiki/Special:FilePath/Heptacodium_miconioides_-_in_Mount_Auburn_Cemetery.JPG","Photograph","Daderot","CC0 / Public domain","https://commons.wikimedia.org/wiki/File:Heptacodium_miconioides_-_in_Mount_Auburn_Cemetery.JPG","Yes","No historical illustration found; modern photograph used"
"Fuchsia microphylla","","","","","https://commons.wikimedia.org/wiki/Special:FilePath/Fuchsia_microphylla_kz1.jpg","Photograph","Krzysztof Ziarnek, Kenraiz","CC BY-SA 4.0","https://commons.wikimedia.org/wiki/File:Fuchsia_microphylla_kz1.jpg","Yes","No historical illustration found; modern photograph used"
"Aeonium urbicum","","","","","https://commons.wikimedia.org/wiki/Special:FilePath/Aeonium_urbicum_-_Macizo_de_Teno_01.jpg","Photograph","H. Zell","GFDL / CC BY-SA 3.0","https://commons.wikimedia.org/wiki/File:Aeonium_urbicum_-_Macizo_de_Teno_01.jpg","Yes","No historical illustration found; modern photograph used"
"Bulbine frutescens","","","","","https://commons.wikimedia.org/wiki/Special:FilePath/Bulbine_frutescens_2.jpg","Photograph","Stan Shebs","GFDL / CC BY-SA 3.0","https://commons.wikimedia.org/wiki/File:Bulbine_frutescens_2.jpg","Yes","No historical illustration found; modern photograph used"
"Cephalotus follicularis","","","","","https://commons.wikimedia.org/wiki/Special:FilePath/Curtis's_Botanical_Magazine,_Plate_3119_(Volume_58,_1831).png","Botanical plate","Samuel Curtis, William Jackson Hooker","Public domain","https://commons.wikimedia.org/wiki/File:Curtis%27s_Botanical_Magazine,_Plate_3119_(Volume_58,_1831).png","Yes","1831 plate from Curtis's Botanical Magazine"
"Cleistocactus strausii","","","","","https://commons.wikimedia.org/wiki/Special:FilePath/Cleistocactus_strausii_(Heese)_Backeb.jpg","Photograph","Michael Gäbler","CC BY 3.0","https://commons.wikimedia.org/wiki/File:Cleistocactus_strausii_(Heese)_Backeb.jpg","Yes","No historical illustration found; modern photograph used"
"Colletia paradoxa","","","","","https://commons.wikimedia.org/wiki/Special:FilePath/Botanical_miscellany_(1830-1833)_(20215093449).jpg","Botanical plate","William Jackson Hooker","Public domain","https://commons.wikimedia.org/wiki/File:Botanical_miscellany_(1830-1833)_(20215093449).jpg","Yes","1830-1833 plate from Botanical Miscellany"
"Cupressus cashmeriana","","","","","https://commons.wikimedia.org/wiki/Special:FilePath/Cupressus_cashmeriana_(Bhutan_Cypress).jpg","Photograph","S. Rae","CC BY 2.0","https://commons.wikimedia.org/wiki/File:Cupressus_cashmeriana_(Bhutan_Cypress).jpg","Yes","No historical illustration found; modern photograph used"
"Cyclamen hederifolium f. albiflorum","","","","","https://commons.wikimedia.org/wiki/Special:FilePath/Hortus_Eystettensis,_1640_(BHL_45339_369)_-_Classis_Autumnalis_29.jpg","Engraving","Basilius Besler","Public domain","https://commons.wikimedia.org/wiki/File:Hortus_Eystettensis,_1640_(BHL_45339_369)_-_Classis_Autumnalis_29.jpg","Yes","1640 engraving of Cyclamen hederifolium; parent-species plate, not the white-flowered form specifically"
"Cypripedium kentuckiense","","","","","https://commons.wikimedia.org/wiki/Special:FilePath/Cypripedium_kentuckiense_flower.jpg","Photograph","James Steakley","CC BY-SA 4.0","https://commons.wikimedia.org/wiki/File:Cypripedium_kentuckiense_flower.jpg","Yes","No historical illustration exists (species described 1981); modern photograph used"
"Dactylorhiza praetermissa","","","","","https://commons.wikimedia.org/wiki/Special:FilePath/Dactylorhiza_praetermissa_(flowers).jpg","Photograph","Hans Hillewaert","CC BY-SA 3.0","https://commons.wikimedia.org/wiki/File:Dactylorhiza_praetermissa_(flowers).jpg","Yes","No historical illustration found; modern photograph used"
"Delphinium grandiflorum","","","","","https://commons.wikimedia.org/wiki/Special:FilePath/Die_Giftpflanzen_Deutschlands_(1910)_(20303757384).jpg","Botanical plate","Peter Esser","Public domain","https://commons.wikimedia.org/wiki/File:Die_Giftpflanzen_Deutschlands_(1910)_(20303757384).jpg","Yes","1910 plate from Die Giftpflanzen Deutschlands"
"Echium pininana","","","","","https://commons.wikimedia.org/wiki/Special:FilePath/Echium_pininana_LC0407.jpg","Photograph","Jörg Hempel","CC BY-SA 3.0","https://commons.wikimedia.org/wiki/File:Echium_pininana_LC0407.jpg","Yes","No historical illustration found; modern photograph used"
"Eryngium sp.","","","","","https://commons.wikimedia.org/wiki/Special:FilePath/Hortus_Eystettensis,_1640_(BHL_45339_301)_-_Classis_Aestiva_149.jpg","Engraving","Basilius Besler","Public domain","https://commons.wikimedia.org/wiki/File:Hortus_Eystettensis,_1640_(BHL_45339_301)_-_Classis_Aestiva_149.jpg","Yes","1640 engraving of Eryngium maritimum, used as representative genus-level image"
"Gunnera killipiana","","","","","https://commons.wikimedia.org/wiki/Special:FilePath/Gunnera_killipiana_(10620413034).jpg","Photograph","Dick Culbert","CC BY 2.0","https://commons.wikimedia.org/wiki/File:Gunnera_killipiana_(10620413034).jpg","Yes","No historical illustration found; modern photograph used"
"Hibiscus grandidieri","","","","","https://commons.wikimedia.org/wiki/Special:FilePath/Fata_Morgana_Prague_2012_Hibiscus_grandidieri_2.jpg","Photograph","Txecoloco","CC BY-SA 3.0","https://commons.wikimedia.org/wiki/File:Fata_Morgana_Prague_2012_Hibiscus_grandidieri_2.jpg","Yes","No historical illustration found; modern photograph used"
"Hydnophytum formicarum","","","","","https://commons.wikimedia.org/wiki/Special:FilePath/Die_Gartenlaube_(1897)_211.jpg","Illustration","Various","Public domain","https://commons.wikimedia.org/wiki/File:Die_Gartenlaube_(1897)_211.jpg","Yes","1897 illustration from Die Gartenlaube"
"Lagurus ovatus","","","","","https://commons.wikimedia.org/wiki/Special:FilePath/The_British_grasses_and_sedges_(Pl._14)_(8516088484).jpg","Botanical plate","Anne Pratt","Public domain","https://commons.wikimedia.org/wiki/File:The_British_grasses_and_sedges_(Pl._14)_(8516088484).jpg","Yes","1858 plate from The British Grasses and Sedges"
"Lessertia frutescens","","","","","https://commons.wikimedia.org/wiki/Special:FilePath/The_Botanical_magazine,_or,_Flower-garden_displayed_(Plate_181)_(8559497453).jpg","Botanical plate","William Curtis","Public domain","https://commons.wikimedia.org/wiki/File:The_Botanical_magazine,_or,_Flower-garden_displayed_(Plate_181)_(8559497453).jpg","Yes","1793 plate from Curtis's Botanical Magazine (as Colutea frutescens)"
"Leucocasia gigantea","","","","","https://commons.wikimedia.org/wiki/Special:FilePath/Leiden_University_Library_-_Seikei_Zusetsu_vol._22,_page_008_-_白芋_-_Colocasia_gigantea_(Blume)_Hook.f.,_1804.jpg","Illustration","Unknown","CC BY 4.0","https://commons.wikimedia.org/wiki/File:Leiden_University_Library_-_Seikei_Zusetsu_vol._22,_page_008_-_%E7%99%BD%E8%8A%8B_-_Colocasia_gigantea_(Blume)_Hook.f.,_1804.jpg","Yes","1804 plate from the Japanese Seikei Zusetsu agricultural encyclopedia (as Colocasia gigantea)"
"Lilium martagon","","","","","https://commons.wikimedia.org/wiki/Special:FilePath/A_monograph_of_the_genus_Lilium_(Plate_(23))_BHL287039.jpg","Botanical plate","W. H. Fitch","Public domain","https://commons.wikimedia.org/wiki/File:A_monograph_of_the_genus_Lilium_(Plate_(23))_BHL287039.jpg","Yes","1880 plate from A Monograph of the Genus Lilium"
"Marattia sp.","","","","","https://commons.wikimedia.org/wiki/Special:FilePath/Marattia_salicina,_Fern_House_(Christchurch_Botanic_Gardens),_New_Zealand_11.jpg","Photograph","Michal Klajban","CC BY-SA 4.0","https://commons.wikimedia.org/wiki/File:Marattia_salicina,_Fern_House_(Christchurch_Botanic_Gardens),_New_Zealand_11.jpg","Yes","No historical illustration found; representative genus-level photo (Marattia salicina) used"
"Medinilla magnifica","","","","","https://commons.wikimedia.org/wiki/Special:FilePath/Medinilla_magnifica_Paxton_12.jpg","Botanical plate","L. A. L. Constans","Public domain","https://commons.wikimedia.org/wiki/File:Medinilla_magnifica_Paxton_12.jpg","Yes","1853 plate from Paxton's Flower Garden"
"Musa haekkinenii","","","","","https://commons.wikimedia.org/wiki/Special:FilePath/Banánovník_druhu_Musa_heakkinenii.jpg","Photograph","Topi Pigula","CC BY-SA 4.0","https://commons.wikimedia.org/wiki/File:Banánovník_druhu_Musa_heakkinenii.jpg","Yes","No historical illustration exists (recently described species); modern photograph used"
"Musella lasiocarpa","","","","","https://commons.wikimedia.org/wiki/Special:FilePath/Musella_lasiocarpa_at_Hampton_Court_Flower_Show.jpg","Photograph","Jonathan Cardy","CC BY-SA 3.0 / GFDL","https://commons.wikimedia.org/wiki/File:Musella_lasiocarpa_at_Hampton_Court_Flower_Show.jpg","Yes","No historical illustration found; modern photograph used"
"Nandina domestica","","","","","https://commons.wikimedia.org/wiki/Special:FilePath/Starr_030415-0020_Nandina_domestica.jpg","Photograph","Forest and Kim Starr","CC BY 3.0","https://commons.wikimedia.org/wiki/File:Starr_030415-0020_Nandina_domestica.jpg","Yes","No historical illustration found; modern photograph used"
"Oenothera fruticosa","","","","","https://commons.wikimedia.org/wiki/Special:FilePath/The_Botanical_Magazine,_Plate_332_(Volume_10,_1796).png","Botanical plate","William Curtis","Public domain","https://commons.wikimedia.org/wiki/File:The_Botanical_Magazine,_Plate_332_(Volume_10,_1796).png","Yes","1796 plate from Curtis's Botanical Magazine"
"Pachystegia insignis","","","","","https://commons.wikimedia.org/wiki/Special:FilePath/Nfnz_d223_olearia_insignis.jpg","Botanical plate","Georgina Burne Hetley","Public domain","https://commons.wikimedia.org/wiki/File:Nfnz_d223_olearia_insignis.jpg","Yes","1888 plate (as Olearia insignis, synonym)"
"Papaver somniferum","","","","","https://commons.wikimedia.org/wiki/Special:FilePath/Papaver_somniferum_-_Köhler–s_Medizinal-Pflanzen-102.jpg","Botanical plate","Franz Eugen Köhler","Public domain","https://commons.wikimedia.org/wiki/File:Papaver_somniferum_-_K%C3%B6hler%E2%80%93s_Medizinal-Pflanzen-102.jpg","Yes","Plate from Köhler's Medizinal-Pflanzen (1897)"
"Paulownia tomentosa","","","","","https://commons.wikimedia.org/wiki/Special:FilePath/Paulowni_imperialis_SZ10.jpg","Illustration","Siebold and Zuccarini","Public domain","https://commons.wikimedia.org/wiki/File:Paulowni_imperialis_SZ10.jpg","Yes","Plate from Flora Japonica (1870, as Paulownia imperialis)"
"Pelargonium graveolens 'Attar of Roses'","","","","","https://commons.wikimedia.org/wiki/Special:FilePath/Pelargonium_graveolens_Geraniologia.jpg","Botanical plate","Pierre-Joseph Redouté","Public domain","https://commons.wikimedia.org/wiki/File:Pelargonium_graveolens_Geraniologia.jpg","Yes","Parent-species plate; no cultivar-specific illustration exists for 'Attar of Roses'"
"Persicaria bistorta","","","","","https://commons.wikimedia.org/wiki/Special:FilePath/Persicaria_bistorta_(Thomé_Bd.2_1904,_BHL-44721,_Tafel_195)_clean.jpg","Botanical plate","Otto Wilhelm Thomé","Public domain / CC BY 2.0","https://commons.wikimedia.org/wiki/File:Persicaria_bistorta_(Thom%C3%A9_Bd.2_1904,_BHL-44721,_Tafel_195)_clean.jpg","Yes","1904 plate from Thomé's Flora von Deutschland"
"Phedimus kamtschaticus","","","","","https://commons.wikimedia.org/wiki/Special:FilePath/Phedimus_kamtschaticus_kz01.jpg","Photograph","Krzysztof Ziarnek, Kenraiz","CC BY-SA 4.0","https://commons.wikimedia.org/wiki/File:Phedimus_kamtschaticus_kz01.jpg","Yes","No historical illustration found; modern photograph used"
"Philodendron spiritus-sancti","","","","","https://commons.wikimedia.org/wiki/Special:FilePath/Philodendron_spiritus-sancti_in_Brazil.jpg","Photograph","Alexandre Magno","CC BY 4.0","https://commons.wikimedia.org/wiki/File:Philodendron_spiritus-sancti_in_Brazil.jpg","Yes","No historical illustration found; modern photograph used"
"Phlomis russeliana","","","","","https://commons.wikimedia.org/wiki/Special:FilePath/Turkish_sage_flowers.jpg","Photograph","Dicklyon","CC BY-SA 4.0","https://commons.wikimedia.org/wiki/File:Turkish_sage_flowers.jpg","Yes","No historical illustration found; modern photograph used"
"Phormium tenax","","","","","https://commons.wikimedia.org/wiki/Special:FilePath/Phormium_tenax_Ypey89.jpg","Botanical plate","Adolphus Ypey","Public domain","https://commons.wikimedia.org/wiki/File:Phormium_tenax_Ypey89.jpg","Yes","1813 botanical plate"
"Piper nigrum","","","","","https://commons.wikimedia.org/wiki/Special:FilePath/Piper_nigrum_-_Köhler–s_Medizinal-Pflanzen-107.jpg","Botanical plate","Franz Eugen Köhler","Public domain","https://commons.wikimedia.org/wiki/File:Piper_nigrum_-_K%C3%B6hler%E2%80%93s_Medizinal-Pflanzen-107.jpg","Yes","Plate from Köhler's Medizinal-Pflanzen (1897)"
"Platycerium superbum","","","","","https://commons.wikimedia.org/wiki/Special:FilePath/Platycerium_superbum_Coffs_Harbour.jpg","Photograph","Poyt448 (Peter Woodard)","CC0 1.0","https://commons.wikimedia.org/wiki/File:Platycerium_superbum_Coffs_Harbour.jpg","Yes","No historical illustration found; modern photograph used"
"Potentilla thurberi 'Monarch's Velvet'","","","","","https://commons.wikimedia.org/wiki/Special:FilePath/Potentilla_thurberi_Viote.jpg","Photograph","Syrio","CC BY-SA 4.0","https://commons.wikimedia.org/wiki/File:Potentilla_thurberi_Viote.jpg","Yes","Parent-species photo; no cultivar-specific illustration exists for 'Monarch's Velvet'"
"Punica granatum","","","","","https://commons.wikimedia.org/wiki/Special:FilePath/Punica_granatum_-_Köhler–s_Medizinal-Pflanzen-115.jpg","Botanical plate","Franz Eugen Köhler","Public domain","https://commons.wikimedia.org/wiki/File:Punica_granatum_-_K%C3%B6hler%E2%80%93s_Medizinal-Pflanzen-115.jpg","Yes","Plate from Köhler's Medizinal-Pflanzen (1897)"
"Rhodocoma capensis","","","","","https://commons.wikimedia.org/wiki/Special:FilePath/Rhodocoma_capensis_kz1.jpg","Photograph","Krzysztof Ziarnek, Kenraiz","CC BY-SA 4.0","https://commons.wikimedia.org/wiki/File:Rhodocoma_capensis_kz1.jpg","Yes","No historical illustration found; modern photograph used"
"Robinia × ambigua 'Decaisneana'","","","","","https://commons.wikimedia.org/wiki/Special:FilePath/T2_16_Robinia_pseudoacacia_par_Pierre-Joseph_Redouté.jpeg","Botanical plate","Pierre-Joseph Redouté","Public domain","https://commons.wikimedia.org/wiki/File:T2_16_Robinia_pseudoacacia_par_Pierre-Joseph_Redout%C3%A9.jpeg","Yes","Parent-species plate (Robinia pseudoacacia); no cultivar-specific illustration exists for the Decaisneana hybrid"
"Rosa glauca","","","","","https://commons.wikimedia.org/wiki/Special:FilePath/Fragmenta_botanica,_figuris_coloratis_illustrata_(T._106)_(7943769384).jpg","Botanical plate","Nikolaus Joseph Jacquin","Public domain / CC BY 2.0","https://commons.wikimedia.org/wiki/File:Fragmenta_botanica,_figuris_coloratis_illustrata_(T._106)_(7943769384).jpg","Yes","1809 plate from Fragmenta Botanica"
"Rosa 'New Dawn'","","","","","https://commons.wikimedia.org/wiki/Special:FilePath/New_Dawn_Kletterrose.jpg","Photograph","Nockel12","CC0 1.0","https://commons.wikimedia.org/wiki/File:New_Dawn_Kletterrose.jpg","Yes","Modern cultivar (1930); no historical illustration exists"
"Anthurium schlechtendalii","","","","","https://commons.wikimedia.org/wiki/Special:FilePath/Anthurium_schlechtendalii_kz1.jpg","Photograph","Krzysztof Ziarnek, Kenraiz","CC BY-SA 4.0","https://commons.wikimedia.org/wiki/File:Anthurium_schlechtendalii_kz1.jpg","Yes","No historical illustration found; modern photograph used"
"Amorphophallus titanum","","","","","https://commons.wikimedia.org/wiki/Special:FilePath/Amorphophallus_titanum_(Matilda_Smith).jpg","Botanical plate","Matilda Smith","Public domain","https://commons.wikimedia.org/wiki/File:Amorphophallus_titanum_(Matilda_Smith).jpg","Yes","1891 plate from Curtis's Botanical Magazine"
"Amorphophallus bulbifer","","","","","https://commons.wikimedia.org/wiki/Special:FilePath/Addisonia_-_colored_illustrations_and_popular_descriptions_of_plants_(1916-(1964))_(16585386520).jpg","Botanical plate","New York Botanical Garden","Public domain","https://commons.wikimedia.org/wiki/File:Addisonia_-_colored_illustrations_and_popular_descriptions_of_plants_(1916-(1964))_(16585386520).jpg","Yes","Plate from Addisonia"
"Aechmea fulgens var. discolor","","","","","https://commons.wikimedia.org/wiki/Special:FilePath/Curtis's_Botanical_Magazine,_Plate_4293_(Volume_73,_1847).png","Botanical plate","William Jackson Hooker","Public domain","https://commons.wikimedia.org/wiki/File:Curtis%27s_Botanical_Magazine,_Plate_4293_(Volume_73,_1847).png","Yes","1847 plate from Curtis's Botanical Magazine; parent-species plate, not var. discolor specifically"
"Achillea millefolium 'Paprika'","","","","","https://commons.wikimedia.org/wiki/Special:FilePath/Achillea_millefolium_-_Köhler–s_Medizinal-Pflanzen-149.jpg","Botanical plate","Franz Eugen Köhler","Public domain","https://commons.wikimedia.org/wiki/File:Achillea_millefolium_-_K%C3%B6hler%E2%80%93s_Medizinal-Pflanzen-149.jpg","Yes","Parent-species plate; no cultivar-specific illustration exists for 'Paprika'"
"Alstroemeria 'Indian Summer'","","","","","https://commons.wikimedia.org/wiki/Special:FilePath/Alstroemeria_Indian_Summer.jpg","Photograph","Thomon","CC BY-SA 4.0","https://commons.wikimedia.org/wiki/File:Alstroemeria_Indian_Summer.jpg","Yes","No historical illustration found; modern photograph used"
"Billbergia buchholzii","","","","","https://commons.wikimedia.org/wiki/Special:FilePath/Billbergia_buchholtzii._Royal_Botanical_Gardens,_Kew.jpg","Photograph","Arnaud Fafournoux","CC BY-SA 4.0","https://commons.wikimedia.org/wiki/File:Billbergia_buchholtzii._Royal_Botanical_Gardens,_Kew.jpg","Yes","No historical illustration found; modern photograph used"
"Brugmansia suaveolens","","","","","https://commons.wikimedia.org/wiki/Special:FilePath/Brugmansia_suaveolens.jpg","Botanical plate","P. Bessa","Public domain","https://commons.wikimedia.org/wiki/File:Brugmansia_suaveolens.jpg","Yes","1819 plate from Duhamel du Monceau's Traité des arbres et arbustes"
"Caladium bicolor 'White Queen'","","","","","https://commons.wikimedia.org/wiki/Special:FilePath/Curtis's_botanical_magazine_(Tab._5199)_(9444689342).jpg","Botanical plate","William Curtis","Public domain / CC BY 2.0","https://commons.wikimedia.org/wiki/File:Curtis%27s_botanical_magazine_(Tab._5199)_(9444689342).jpg","Yes","1860 plate (as Caladium bicolor var. Neumannii); no cultivar-specific illustration exists for 'White Queen'"
"Ceanothus 'Skylark'","","","","","https://commons.wikimedia.org/wiki/Special:FilePath/Ceanothus_thyrsiflorus_'Skylark'_kz1.jpg","Photograph","Krzysztof Ziarnek, Kenraiz","CC BY-SA 4.0","https://commons.wikimedia.org/wiki/File:Ceanothus_thyrsiflorus_%27Skylark%27_kz1.jpg","Yes","No historical illustration found; modern photograph used"
"Kniphofia 'Poco Orange'","","","","","https://commons.wikimedia.org/wiki/Special:FilePath/Curtis's_botanical_magazine_(Tab_7832)_(8347246404).jpg","Botanical plate","William Curtis","Public domain / CC BY 2.0","https://commons.wikimedia.org/wiki/File:Curtis%27s_botanical_magazine_(Tab_7832)_(8347246404).jpg","Yes","1902 plate (as Kniphofia multiflora); genus-level plate, not cultivar-specific"
"Delonix regia var. flavida","","","","","https://commons.wikimedia.org/wiki/Special:FilePath/Curtis.poinciana.jpg","Engraving","Wenceslas Bojer","Public domain","https://commons.wikimedia.org/wiki/File:Curtis.poinciana.jpg","Yes","Parent-species plate (Delonix regia); no illustration exists for var. flavida specifically"
"Thymus serpyllum","","","","","https://commons.wikimedia.org/wiki/Special:FilePath/Thymus_serpyllum_-_Köhler–s_Medizinal-Pflanzen-138.jpg","Botanical plate","Walther Otto Müller","Public domain","https://commons.wikimedia.org/wiki/File:Thymus_serpyllum_-_K%C3%B6hler%E2%80%93s_Medizinal-Pflanzen-138.jpg","Yes","Plate from Köhler's Medizinal-Pflanzen (1897)"
"Cardiocrinum giganteum","","","","","https://commons.wikimedia.org/wiki/Special:FilePath/A_monograph_of_the_genus_Lilium_(Plate_(11))_BHL286993.jpg","Botanical plate","W. H. Fitch","Public domain","https://commons.wikimedia.org/wiki/File:A_monograph_of_the_genus_Lilium_(Plate_(11))_BHL286993.jpg","Yes","1880 plate from A Monograph of the Genus Lilium"
"Curio rowleyanus","","","","","https://commons.wikimedia.org/wiki/Special:FilePath/Curio_rowleyanus_syn._Senecio_rowleyanus_2019-04-14_01.jpg","Photograph","Agnieszka Kwiecień, Nova","CC BY-SA 4.0","https://commons.wikimedia.org/wiki/File:Curio_rowleyanus_syn._Senecio_rowleyanus_2019-04-14_01.jpg","Yes","No historical illustration found; modern photograph used"
"Digitalis ferruginea 'Gelber Herold'","","","","","https://commons.wikimedia.org/wiki/Special:FilePath/Digitalis_ferruginea.jpg","Botanical plate","John Sims","Public domain","https://commons.wikimedia.org/wiki/File:Digitalis_ferruginea.jpg","Yes","1816 plate from Curtis's Botanical Magazine; parent-species plate, not cultivar-specific"
"Gloriosa modesta","","","","","https://commons.wikimedia.org/wiki/Special:FilePath/Gloriosa_modesta_(26637511982).jpg","Photograph","Dick Culbert","CC BY 2.0","https://commons.wikimedia.org/wiki/File:Gloriosa_modesta_(26637511982).jpg","Yes","No historical illustration found; modern photograph used"
"Nepeta racemosa 'Walker's Low'","","","","","https://commons.wikimedia.org/wiki/Special:FilePath/Nepeta_racemosa_Blue_Wonder_kz1.jpg","Photograph","Krzysztof Ziarnek, Kenraiz","CC BY-SA 4.0","https://commons.wikimedia.org/wiki/File:Nepeta_racemosa_Blue_Wonder_kz1.jpg","Yes","Blue Wonder' cultivar photo used; no image exists specifically for 'Walker's Low'"
"Phlox sp.","","","","","https://commons.wikimedia.org/wiki/Special:FilePath/Favourite_flowers_of_garden_and_greenhouse_(10593878803).jpg","Botanical plate","Edward Step","Public domain / CC BY 2.0","https://commons.wikimedia.org/wiki/File:Favourite_flowers_of_garden_and_greenhouse_(10593878803).jpg","Yes","1897 plate of Phlox paniculata, used as representative genus-level image"
"Punica granatum var. nana","","","","","https://commons.wikimedia.org/wiki/Special:FilePath/Punica_granatum_'Nana',_Tallinn_Botanic_Garden_02.jpg","Photograph","Shuvaev","CC BY 4.0","https://commons.wikimedia.org/wiki/File:Punica_granatum_%27Nana%27,_Tallinn_Botanic_Garden_02.jpg","Yes","No historical illustration found; modern photograph used"
"Rosa 'Long John Silver'","","","","","https://commons.wikimedia.org/wiki/Special:FilePath/Rosa_'Long_John_Silver'_kz01.jpg","Photograph","Krzysztof Ziarnek, Kenraiz","CC BY-SA 4.0","https://commons.wikimedia.org/wiki/File:Rosa_%27Long_John_Silver%27_kz01.jpg","Yes","No historical illustration found; modern photograph used"
"Rosa 'Thomas à Becket'","","","","","https://commons.wikimedia.org/wiki/Special:FilePath/International_Rose_Test_Garden,_Portland,_Oregon_(2022)_-_076.jpg","Photograph","Another Believer","CC BY-SA 4.0","https://commons.wikimedia.org/wiki/File:International_Rose_Test_Garden,_Portland,_Oregon_(2022)_-_076.jpg","Yes","No historical illustration found; modern photograph used"
"Rosa 'Wollerton Old Hall'","","","","","https://commons.wikimedia.org/wiki/Special:FilePath/Rosa_'Wollerton_Old_Hall'_01.jpg","Photograph","Wilrooij","CC BY-SA 4.0","https://commons.wikimedia.org/wiki/File:Rosa_%27Wollerton_Old_Hall%27_01.jpg","Yes","No historical illustration found; modern photograph used"
"Salacca ramosiana","","","","","https://commons.wikimedia.org/wiki/Special:FilePath/Arecales_-_Salacca_ramosiana_-_kew_1.jpg","Photograph","Emőke Dénes","CC BY-SA 4.0","https://commons.wikimedia.org/wiki/File:Arecales_-_Salacca_ramosiana_-_kew_1.jpg","Yes","No historical illustration found; modern photograph used"
"Salvia nemorosa 'Caradonna'","","","","","https://commons.wikimedia.org/wiki/Special:FilePath/Hortus_Eystettensis,_1640_(BHL_45339_256)_-_Classis_Aestiva_104.jpg","Engraving","Basilius Besler","Public domain","https://commons.wikimedia.org/wiki/File:Hortus_Eystettensis,_1640_(BHL_45339_256)_-_Classis_Aestiva_104.jpg","Yes","1640 engraving categorized under Salvia nemorosa; parent-species plate, not cultivar-specific"
"Salvia discolor","","","","","https://commons.wikimedia.org/wiki/Special:FilePath/Salvia_discolor_1zz.jpg","Photograph","David J. Stang","CC BY-SA 4.0","https://commons.wikimedia.org/wiki/File:Salvia_discolor_1zz.jpg","Yes","No historical illustration found; modern photograph used"
"Theobroma cacao","","","","","https://commons.wikimedia.org/wiki/Special:FilePath/Theobroma_cacao_-_Köhler–s_Medizinal-Pflanzen-136.jpg","Botanical plate","Franz Eugen Köhler","Public domain","https://commons.wikimedia.org/wiki/File:Theobroma_cacao_-_K%C3%B6hler%E2%80%93s_Medizinal-Pflanzen-136.jpg","Yes","Plate from Köhler's Medizinal-Pflanzen (1897)"
"Stachys byzantina","","","","","https://commons.wikimedia.org/wiki/Special:FilePath/Stachys_byzantina_NBG_LR.jpg","Photograph","PumpkinSky","CC BY-SA 4.0","https://commons.wikimedia.org/wiki/File:Stachys_byzantina_NBG_LR.jpg","Yes","No historical illustration found; modern photograph used"
"Staphisagria requienii","","","","","https://commons.wikimedia.org/wiki/Special:FilePath/Delphinium_requienii_(14243221367).jpg","Photograph","Leonora Enking","CC BY-SA 2.0","https://commons.wikimedia.org/wiki/File:Delphinium_requienii_(14243221367).jpg","Yes","No historical illustration found; modern photograph used (as Delphinium requienii)"
"Viscum album","","","","","https://commons.wikimedia.org/wiki/Special:FilePath/Viscum_album_-_Köhler–s_Medizinal-Pflanzen-281.jpg","Botanical plate","Walther Otto Müller","Public domain","https://commons.wikimedia.org/wiki/File:Viscum_album_-_K%C3%B6hler%E2%80%93s_Medizinal-Pflanzen-281.jpg","Yes","Plate from Köhler's Medizinal-Pflanzen (1897)"
"Yucca filamentosa","","","","","https://commons.wikimedia.org/wiki/Special:FilePath/Yucca_filamentosa_(as_Yucca_glauca)_Bot._Mag._53._t._2662._1826.jpg","Botanical plate","J. Sims","Public domain","https://commons.wikimedia.org/wiki/File:Yucca_filamentosa_(as_Yucca_glauca)_Bot._Mag._53._t._2662._1826.jpg","Yes","1826 plate from Curtis's Botanical Magazine"
"Zanthoxylum piperitum","","","","","https://commons.wikimedia.org/wiki/Special:FilePath/Naturalis_Biodiversity_Center_-_RMNH.ART.820_-_Zanthoxylum_piperitum_-_Yūshi_Ishizaki_-_Cock_Blomhoff_Collection_-_pencil_drawing_-_water_colour.jpg","Illustration","Ishizaki Yūshi","Public domain","https://commons.wikimedia.org/wiki/File:Naturalis_Biodiversity_Center_-_RMNH.ART.820_-_Zanthoxylum_piperitum_-_Y%C5%ABshi_Ishizaki_-_Cock_Blomhoff_Collection_-_pencil_drawing_-_water_colour.jpg","Yes","1817-1823 watercolour from the Cock Blomhoff Collection, Naturalis Biodiversity Center"
"Xanthosoma sagittifolium","","","","","https://commons.wikimedia.org/wiki/Special:FilePath/Flore_médicale_des_Antilles,_ou,_Traité_des_plantes_usuelles_(10559121593).jpg","Botanical plate","J. Théodore Descourtilz","Public domain / CC BY 2.0","https://commons.wikimedia.org/wiki/File:Flore_m%C3%A9dicale_des_Antilles,_ou,_Trait%C3%A9_des_plantes_usuelles_(10559121593).jpg","Yes","Plate from Flore médicale des Antilles"
"Vanilla planifolia","","","","","https://commons.wikimedia.org/wiki/Special:FilePath/Vanilla_planifolia_-_Köhler–s_Medizinal-Pflanzen-278.jpg","Botanical plate","Franz Eugen Köhler","Public domain","https://commons.wikimedia.org/wiki/File:Vanilla_planifolia_-_K%C3%B6hler%E2%80%93s_Medizinal-Pflanzen-278.jpg","Yes","Plate from Köhler's Medizinal-Pflanzen (1897)"
"Welwitschia mirabilis","","","","","https://commons.wikimedia.org/wiki/Special:FilePath/Curtis's_botanical_magazine_(8272606272).jpg","Botanical plate","W. Fitch","Public domain / CC BY 2.0","https://commons.wikimedia.org/wiki/File:Curtis%27s_botanical_magazine_(8272606272).jpg","Yes","1863 plate from Curtis's Botanical Magazine (Tab. 5368)"
"Silene coronaria 'Atrosanguinea'","","","","","https://commons.wikimedia.org/wiki/Special:FilePath/The_Botanical_Magazine,_Plate_24_(Volume_1,_1787).png","Botanical plate","James Sowerby","Public domain","https://commons.wikimedia.org/wiki/File:The_Botanical_Magazine,_Plate_24_(Volume_1,_1787).png","Yes","1787 plate (as Lychnis coronaria); parent-species plate, not cultivar-specific"
"Tillandsia usneoides","","","","","https://commons.wikimedia.org/wiki/Special:FilePath/Schimper-Tafel2.jpg","Illustration","W. Rose","Public domain","https://commons.wikimedia.org/wiki/File:Schimper-Tafel2.jpg","Yes","1888 plate from Schimper's Die epiphytische Vegetation Amerikas"
"Veronica salicifolia","","","","","https://commons.wikimedia.org/wiki/Special:FilePath/Edwards's_botanical_register_(Plate_5)_(8407941305).jpg","Botanical plate","John Lindley","Public domain / CC BY 2.0","https://commons.wikimedia.org/wiki/File:Edwards%27s_botanical_register_(Plate_5)_(8407941305).jpg","Yes","1846 plate from Edwards's Botanical Register"
"Solanum laciniatum","","","","","https://commons.wikimedia.org/wiki/Special:FilePath/The_Botanical_Magazine,_Plate_349_(Volume_10,_1796).png","Botanical plate","William Curtis","Public domain","https://commons.wikimedia.org/wiki/File:The_Botanical_Magazine,_Plate_349_(Volume_10,_1796).png","Yes","1796 plate from Curtis's Botanical Magazine"
"Sambucus nigra 'Black Lace'","","","","","https://commons.wikimedia.org/wiki/Special:FilePath/Sambucus_nigra_-_Köhler–s_Medizinal-Pflanzen-127.jpg","Botanical plate","Franz Eugen Köhler","Public domain","https://commons.wikimedia.org/wiki/File:Sambucus_nigra_-_K%C3%B6hler%E2%80%93s_Medizinal-Pflanzen-127.jpg","Yes","Parent-species plate; no cultivar-specific illustration exists for 'Black Lace'"
"Streptocarpus saxorum","","","","","https://commons.wikimedia.org/wiki/Special:FilePath/Streptocarpus_saxorum.JPG","Photograph","Salix","CC BY-SA 3.0","https://commons.wikimedia.org/wiki/File:Streptocarpus_saxorum.JPG","Yes","No historical illustration found; modern photograph used"
"Salvia haenkei 'Prawn Chorus'","","","","","https://commons.wikimedia.org/wiki/Special:FilePath/Salvia_haenkei.jpg","Photograph","Dinkum","CC BY-SA 3.0","https://commons.wikimedia.org/wiki/File:Salvia_haenkei.jpg","Yes","Parent-species photo; no cultivar-specific image exists for 'Prawn Chorus'"
"Utricularia bisquamata 'Betty's Bay'","","","","","https://commons.wikimedia.org/wiki/Special:FilePath/Utricularia_bisquamata.jpg","Photograph","Noah Elhardt","CC BY-SA 2.5","https://commons.wikimedia.org/wiki/File:Utricularia_bisquamata.jpg","Yes","Parent-species photo; no cultivar-specific image exists for 'Betty's Bay'"
"Salvia × sylvestris 'Schneehügel'","","","","","https://commons.wikimedia.org/wiki/Special:FilePath/Salvia_sylvestris_'Schneehugel'1.jpg","Photograph","KENPEI","CC BY-SA 3.0 / GFDL","https://commons.wikimedia.org/wiki/File:Salvia_sylvestris_%27Schneehugel%271.jpg","Yes","No historical illustration found; modern photograph used"
"Vachellia erioloba","SBC-PLANT-0007","","","","https://commons.wikimedia.org/wiki/Special:FilePath/Vachellia_erioloba00.jpg","Photograph","Rotational","Public domain","https://commons.wikimedia.org/wiki/File:Vachellia_erioloba00.jpg","Yes","No dedicated botanical plate of Vachellia/Acacia erioloba found on Wikimedia Commons (checked species and synonym categories plus targeted searches). Using a specimen photograph clearly showing the pinnate foliage and characteristic curved seed pods (near Potgietersrust, Transvaal, South Africa) instead."
"Acer pseudoplatanus","","","","","https://commons.wikimedia.org/wiki/Special:FilePath/Acer_pseudoplatanus_Sturm07017.jpg","Botanical plate","Jacob Sturm","Public domain","https://commons.wikimedia.org/wiki/File:Acer_pseudoplatanus_Sturm07017.jpg","Yes","Plate from Deutschlands Flora in Abbildungen (1796)"
"Dianthus carthusianorum","","","","","https://commons.wikimedia.org/wiki/Special:FilePath/Dianthus_carthusianorum_Sturm24.jpg","Botanical plate","Jacob Sturm","Public domain","https://commons.wikimedia.org/wiki/File:Dianthus_carthusianorum_Sturm24.jpg","Yes","Plate from Deutschlands Flora in Abbildungen (1796)"
"Rosa rugosa","","","","","https://commons.wikimedia.org/wiki/Special:FilePath/Rosarum_monographia,_or,_A_botanical_history_of_roses_-_to_which_is_added_an_appendix,_for_the_use_of_cultivators,_in_which_the_most_remarkable_garden_varieties_are_systematically_arranged,_with_(14766631862).jpg","Botanical plate","John Lindley","Public domain","https://commons.wikimedia.org/wiki/File:Rosarum_monographia,_or,_A_botanical_history_of_roses_-_to_which_is_added_an_appendix,_for_the_use_of_cultivators,_in_which_the_most_remarkable_garden_varieties_are_systematically_arranged,_with_(14766631862).jpg","Yes","Plate from Rosarum Monographia (1820)"
"Acer palmatum","SBC-PLANT-0009","","","","https://lh3.googleusercontent.com/d/1wO_gddbq5IAc5wjnXjww4pCJCuGiEitn","Personal photograph","Miguel Silveira","All rights reserved","https://drive.google.com/file/d/19xyS5Q8wsI0MXBWVVxUdv-zuzDOR5vtY/view?usp=sharing","Yes","Photograph of the catalogued Acer palmatum"
"Brighamia insignis","SBC-PLANT-0008","","","","https://lh3.googleusercontent.com/d/17yvfgArXti8YlSklcA8Fqug0wXwd2A2d","Personal photograph","Miguel Silveira","All rights reserved","https://drive.google.com/file/d/17yvfgArXti8YlSklcA8Fqug0wXwd2A2d/view?usp=drivesdk","No","Photograph of the catalogued Brighamia insignis"
"Coccoloba uvifera","SBC-PLANT-0006","","","","https://lh3.googleusercontent.com/d/1QElnepw4LDCXPr_AdZf8o1ez4DtiBy_p","Personal photograph","Miguel Silveira","All rights reserved","https://drive.google.com/file/d/1QElnepw4LDCXPr_AdZf8o1ez4DtiBy_p/view?usp=drivesdk","No","Photograph of the catalogued Coccoloba uvifera"
"Capsicum annuum","SBC-PLANT-0001","","","","https://lh3.googleusercontent.com/d/1LqoK_sICblb-8NCvUUx073KBgNMjTfcq","Personal photograph","Miguel Silveira","All rights reserved","https://drive.google.com/file/d/1LqoK_sICblb-8NCvUUx073KBgNMjTfcq/view?usp=sharing","No","Photograph of the catalogued Capsicum annuum"